{"currentVec":{"x":0.01827240362763405,"y":4.964472770690918}}