{"_bgmSound":0.2737523019313812,"_sfxSound":0.00009999999747378752,"_keyData":[273,274,276,275,102,286,27,9,32,112,304]}