{"_bgmSound":0.2737523019313812,"_sfxSound":0.00009999999747378752,"_keyData":[273,273,276,275,102,286,27,9,32,112,304],"_width":1920,"_height":1080,"_isFullScreen":false}