{"_bgmSound":0.8927487134933472,"_sfxSound":0.260652631521225,"_keyData":[273,274,276,275,102,286,27,9,32,112]}