{"_bgmSound":0.5885508060455322,"_sfxSound":0.09255127608776093,"_keyData":[273,274,276,275,102,286,27,9,32,112,304]}