{"_bgmSound":0.5092267394065857,"_sfxSound":0.49218884110450747,"_keyData":[119,115,97,100,102,286,27,9,32,112,304],"_width":1920,"_height":1080,"_isFullScreen":false}