{"_bgmSound":0.9259727597236633,"_sfxSound":0.00009999999747378752,"_keyData":[119,115,97,100,102,286,27,9,32,112]}